,Date,site_no,LAT_GAGE,LNG_GAGE,LstAvgStrf,Dryest Day
282,1980-10-09,10256500,33.870572,-116.681127,1.617317073170732,282
366,1980-01-01,10257550,33.898905,-116.621126,52.05529411764706,0
1002,1980-09-27,10257600,34.011123,-116.628069,0.9376923076923079,270
1292,1980-07-13,10257720,33.84418400000001,-116.605293,0.0371875,194
1731,1980-09-24,10258000,33.805019,-116.559182,0.39225,267
2022,1980-07-11,10258500,33.745022,-116.535571,0.195,192
2452,1980-09-13,10259000,33.760021,-116.550015,1.244,256
2780,1980-08-06,10259200,33.631136,-116.392234,0.08324999999999998,218
3186,1980-09-15,10260500,34.341114000000005,-117.228376,2.5930000000000004,258
3532,1980-08-26,10260950,34.338892,-117.257821,0.014000000000000002,238
3876,1980-08-04,10261500,34.573049,-117.320602,4.913500000000001,216
4316,1980-10-17,10263500,34.420831,-117.839507,4.300749999999999,290
4751,1980-12-25,10265150,37.668822,-118.817631,43.156756756756735,359
5063,1980-11-01,10270800,37.17687700000001,-118.56316499999998,19.26060606060606,305
5144,1980-01-21,10270872,37.213822,-118.61038899999998,15.603030303030305,20
5549,1980-02-29,10293000,38.327696,-119.214876,28.01,59
6138,1980-10-09,10296000,38.379637,-119.45016499999998,51.073170731707314,282
6504,1980-10-09,10296500,38.513245,-119.44988700000002,61.821951219512194,282
6870,1980-10-09,10308200,38.714627,-119.764898,68.30487804878047,282
7231,1980-10-04,10310000,38.769628,-119.833789,21.736585365853653,277
7578,1980-09-15,10336610,38.922408,-119.991571,9.07225,258
7942,1980-09-13,10336645,39.051852,-120.118521,1.0262500000000006,256
8310,1980-09-15,10336660,39.107407,-120.162135,2.21525,258
8675,1980-09-14,10336676,39.132129,-120.157691,1.11075,257
9066,1980-10-09,10336780,38.919908,-119.972404,16.288780487804882,282
9440,1980-10-17,10337500,39.166296,-120.144359,66.39,290
9728,1980-07-31,10338500,39.323517,-120.234365,4.1347499999999995,212
10194,1980-11-08,10340500,39.37324,-120.131587,23.445249999999994,312
10290,1980-02-12,10343000,39.456572,-120.287148,8.61,42
10861,1980-09-04,10343500,39.431572,-120.237979,2.36125,247
11287,1980-11-03,10344400,39.435741,-120.084366,39.30499999999999,307
11405,1980-02-29,10344500,39.38685200000001,-120.095476,58.955,59
12007,1980-10-22,10346000,39.427964,-120.034087,347.235,295
12426,1980-12-14,11014000,32.637557,-116.884189,5.34,348
12696,1980-09-09,11015000,32.834774,-116.623075,0.15799999999999997,252
13052,1980-08-30,11022200,32.836162,-116.900304,0.17833333333333337,242
13431,1980-09-12,11022480,32.840327,-117.025863,1.98125,255
13798,1980-09-13,11023000,32.76505,-117.168645,1.436578947368421,256
14147,1980-08-27,11023340,32.943101,-117.1217,1.3155,239
14524,1980-09-07,11025500,33.106987,-116.866137,0.37174999999999997,250
14896,1980-09-13,11028500,33.052266,-116.945584,0.027000000000000003,256
15263,1980-09-14,11042000,33.218090999999994,-117.360316,3.6464999999999996,257
15614,1980-08-30,11042400,33.459198,-116.92363600000002,1.3615384615384611,242
16045,1980-11-03,11043000,33.479751,-117.14392,0.61075,307
16425,1980-11-17,11044000,33.473918,-117.142254,2.8335,321
16711,1980-08-29,11046000,33.311144,-117.34726,1.5040540540540541,241
17081,1980-09-02,11046530,33.502526,-117.648106,0.17176470588235293,245
17513,1980-11-07,11051500,34.108345,-117.100591,5.13325,311
17825,1980-09-14,11055500,34.118345,-117.141704,0.44349999999999995,257
18185,1980-09-08,11055800,34.143899,-117.188651,1.2822500000000001,251
18539,1980-08-27,11057500,34.063625,-117.27282,0.4017948717948718,239
18915,1980-09-06,11058500,34.179176,-117.265598,1.0915384615384618,249
19303,1980-09-28,11059300,34.065013,-117.300321,17.241951219512192,271
19668,1980-09-27,11060400,34.078346,-117.300321,3.6753658536585356,270
20085,1980-11-17,11062000,34.21223,-117.458105,5.607749999999999,321
20403,1980-09-30,11062001,34.21223,-117.458105,20.690256410256406,273
20769,1980-09-30,11063510,34.263339,-117.466994,4.034999999999999,273
21125,1980-09-20,11063680,34.208341,-117.331434,0.6058536585365853,263
21498,1980-09-27,11065000,34.078901,-117.305599,0.07225000000000001,270
21834,1980-08-28,11066460,33.968626,-117.448381,54.544999999999995,240
22237,1980-10-04,11069500,33.738076,-116.83391,0.4183333333333333,277
22567,1980-08-29,11070500,33.664189,-117.293927,0.13499999999999995,241
22912,1980-08-08,11072100,33.889182,-117.562827,7.032972972972973,220
23341,1980-10-10,11073360,34.003901,-117.727001,1.8997560975609753,283
23664,1980-08-28,11073495,33.982791,-117.599497,21.310750000000006,240
24048,1980-09-15,11074000,33.883349,-117.64533,133.87499999999997,258
24403,1980-09-04,11075720,33.913346999999995,-117.842558,0.0005,247
24786,1980-09-21,11075800,33.712796999999995,-117.64505,0.03097560975609756,264
24888,1980-01-01,11077500,33.770295000000004,-117.884501,0.0,0
24947,1980-02-29,11077500,33.770295000000004,-117.884501,0.0,59
25008,1980-04-30,11077500,33.770295000000004,-117.884501,0.0,120
25010,1980-05-02,11077500,33.770295000000004,-117.884501,0.0,122
25016,1980-05-08,11077500,33.770295000000004,-117.884501,0.0,128
25017,1980-05-09,11077500,33.770295000000004,-117.884501,0.0,129
25018,1980-05-10,11077500,33.770295000000004,-117.884501,0.0,130
25019,1980-05-11,11077500,33.770295000000004,-117.884501,0.0,131
25024,1980-05-16,11077500,33.770295000000004,-117.884501,0.0,136
25025,1980-05-17,11077500,33.770295000000004,-117.884501,0.0,137
25026,1980-05-18,11077500,33.770295000000004,-117.884501,0.0,138
25027,1980-05-19,11077500,33.770295000000004,-117.884501,0.0,139
25028,1980-05-20,11077500,33.770295000000004,-117.884501,0.0,140
25029,1980-05-21,11077500,33.770295000000004,-117.884501,0.0,141
25031,1980-05-23,11077500,33.770295000000004,-117.884501,0.0,143
25032,1980-05-24,11077500,33.770295000000004,-117.884501,0.0,144
25033,1980-05-25,11077500,33.770295000000004,-117.884501,0.0,145
25034,1980-05-26,11077500,33.770295000000004,-117.884501,0.0,146
25035,1980-05-27,11077500,33.770295000000004,-117.884501,0.0,147
25037,1980-05-29,11077500,33.770295000000004,-117.884501,0.0,149
25038,1980-05-30,11077500,33.770295000000004,-117.884501,0.0,150
25040,1980-06-01,11077500,33.770295000000004,-117.884501,0.0,152
25041,1980-06-02,11077500,33.770295000000004,-117.884501,0.0,153
25043,1980-06-04,11077500,33.770295000000004,-117.884501,0.0,155
25046,1980-06-07,11077500,33.770295000000004,-117.884501,0.0,158
25047,1980-06-08,11077500,33.770295000000004,-117.884501,0.0,159
25048,1980-06-09,11077500,33.770295000000004,-117.884501,0.0,160
25049,1980-06-10,11077500,33.770295000000004,-117.884501,0.0,161
25050,1980-06-11,11077500,33.770295000000004,-117.884501,0.0,162
25051,1980-06-12,11077500,33.770295000000004,-117.884501,0.0,163
25054,1980-06-15,11077500,33.770295000000004,-117.884501,0.0,166
25055,1980-06-16,11077500,33.770295000000004,-117.884501,0.0,167
25056,1980-06-17,11077500,33.770295000000004,-117.884501,0.0,168
25057,1980-06-18,11077500,33.770295000000004,-117.884501,0.0,169
25058,1980-06-19,11077500,33.770295000000004,-117.884501,0.0,170
25059,1980-06-20,11077500,33.770295000000004,-117.884501,0.0,171
25060,1980-06-21,11077500,33.770295000000004,-117.884501,0.0,172
25061,1980-06-22,11077500,33.770295000000004,-117.884501,0.0,173
25063,1980-06-24,11077500,33.770295000000004,-117.884501,0.0,175
25064,1980-06-25,11077500,33.770295000000004,-117.884501,0.0,176
25065,1980-06-26,11077500,33.770295000000004,-117.884501,0.0,177
25066,1980-06-27,11077500,33.770295000000004,-117.884501,0.0,178
25067,1980-06-28,11077500,33.770295000000004,-117.884501,0.0,179
25068,1980-06-29,11077500,33.770295000000004,-117.884501,0.0,180
25069,1980-06-30,11077500,33.770295000000004,-117.884501,0.0,181
25070,1980-07-01,11077500,33.770295000000004,-117.884501,0.0,182
25071,1980-07-02,11077500,33.770295000000004,-117.884501,0.0,183
25072,1980-07-03,11077500,33.770295000000004,-117.884501,0.0,184
25074,1980-07-05,11077500,33.770295000000004,-117.884501,0.0,186
25075,1980-07-06,11077500,33.770295000000004,-117.884501,0.0,187
25076,1980-07-07,11077500,33.770295000000004,-117.884501,0.0,188
25077,1980-07-08,11077500,33.770295000000004,-117.884501,0.0,189
25082,1980-07-13,11077500,33.770295000000004,-117.884501,0.0,194
25084,1980-07-15,11077500,33.770295000000004,-117.884501,0.0,196
25087,1980-07-18,11077500,33.770295000000004,-117.884501,0.0,199
25093,1980-07-24,11077500,33.770295000000004,-117.884501,0.0,205
25095,1980-07-26,11077500,33.770295000000004,-117.884501,0.0,207
25096,1980-07-27,11077500,33.770295000000004,-117.884501,0.0,208
25097,1980-07-28,11077500,33.770295000000004,-117.884501,0.0,209
25098,1980-07-29,11077500,33.770295000000004,-117.884501,0.0,210
25099,1980-07-30,11077500,33.770295000000004,-117.884501,0.0,211
25100,1980-07-31,11077500,33.770295000000004,-117.884501,0.0,212
25101,1980-08-01,11077500,33.770295000000004,-117.884501,0.0,213
25103,1980-08-03,11077500,33.770295000000004,-117.884501,0.0,215
25104,1980-08-04,11077500,33.770295000000004,-117.884501,0.0,216
25105,1980-08-05,11077500,33.770295000000004,-117.884501,0.0,217
25107,1980-08-07,11077500,33.770295000000004,-117.884501,0.0,219
25108,1980-08-08,11077500,33.770295000000004,-117.884501,0.0,220
25109,1980-08-09,11077500,33.770295000000004,-117.884501,0.0,221
25110,1980-08-10,11077500,33.770295000000004,-117.884501,0.0,222
25113,1980-08-13,11077500,33.770295000000004,-117.884501,0.0,225
25118,1980-08-18,11077500,33.770295000000004,-117.884501,0.0,230
25119,1980-08-19,11077500,33.770295000000004,-117.884501,0.0,231
25120,1980-08-20,11077500,33.770295000000004,-117.884501,0.0,232
25123,1980-08-23,11077500,33.770295000000004,-117.884501,0.0,235
25124,1980-08-24,11077500,33.770295000000004,-117.884501,0.0,236
25125,1980-08-25,11077500,33.770295000000004,-117.884501,0.0,237
25126,1980-08-26,11077500,33.770295000000004,-117.884501,0.0,238
25127,1980-08-27,11077500,33.770295000000004,-117.884501,0.0,239
25128,1980-08-28,11077500,33.770295000000004,-117.884501,0.0,240
25129,1980-08-29,11077500,33.770295000000004,-117.884501,0.0,241
25130,1980-08-30,11077500,33.770295000000004,-117.884501,0.0,242
25131,1980-08-31,11077500,33.770295000000004,-117.884501,0.0,243
25132,1980-09-01,11077500,33.770295000000004,-117.884501,0.0,244
25133,1980-09-02,11077500,33.770295000000004,-117.884501,0.0,245
25134,1980-09-03,11077500,33.770295000000004,-117.884501,0.0,246
25135,1980-09-04,11077500,33.770295000000004,-117.884501,0.0,247
25136,1980-09-05,11077500,33.770295000000004,-117.884501,0.0,248
25138,1980-09-07,11077500,33.770295000000004,-117.884501,0.0,250
25145,1980-09-14,11077500,33.770295000000004,-117.884501,0.0,257
25147,1980-09-16,11077500,33.770295000000004,-117.884501,0.0,259
25148,1980-09-17,11077500,33.770295000000004,-117.884501,0.0,260
25149,1980-09-18,11077500,33.770295000000004,-117.884501,0.0,261
25151,1980-09-20,11077500,33.770295000000004,-117.884501,0.0,263
25152,1980-09-21,11077500,33.770295000000004,-117.884501,0.0,264
25154,1980-09-23,11077500,33.770295000000004,-117.884501,0.0,266
25158,1980-09-27,11077500,33.770295000000004,-117.884501,0.0,270
25159,1980-09-28,11077500,33.770295000000004,-117.884501,0.0,271
25160,1980-09-29,11077500,33.770295000000004,-117.884501,0.0,272
25163,1980-10-02,11077500,33.770295000000004,-117.884501,0.0,275
25164,1980-10-03,11077500,33.770295000000004,-117.884501,0.0,276
25165,1980-10-04,11077500,33.770295000000004,-117.884501,0.0,277
25168,1980-10-07,11077500,33.770295000000004,-117.884501,0.0,280
25169,1980-10-08,11077500,33.770295000000004,-117.884501,0.0,281
25170,1980-10-09,11077500,33.770295000000004,-117.884501,0.0,282
25171,1980-10-10,11077500,33.770295000000004,-117.884501,0.0,283
25172,1980-10-11,11077500,33.770295000000004,-117.884501,0.0,284
25173,1980-10-12,11077500,33.770295000000004,-117.884501,0.0,285
25176,1980-10-15,11077500,33.770295000000004,-117.884501,0.0,288
25177,1980-10-16,11077500,33.770295000000004,-117.884501,0.0,289
25185,1980-10-24,11077500,33.770295000000004,-117.884501,0.0,297
25186,1980-10-25,11077500,33.770295000000004,-117.884501,0.0,298
25194,1980-11-02,11077500,33.770295000000004,-117.884501,0.0,306
25195,1980-11-03,11077500,33.770295000000004,-117.884501,0.0,307
25207,1980-11-15,11077500,33.770295000000004,-117.884501,0.0,319
25208,1980-11-16,11077500,33.770295000000004,-117.884501,0.0,320
25215,1980-11-23,11077500,33.770295000000004,-117.884501,0.0,327
25236,1980-12-14,11077500,33.770295000000004,-117.884501,0.0,348
25506,1980-09-09,11078000,33.751128,-117.908391,0.005128205128205128,252
25943,1980-11-19,11085000,34.11223,-117.969509,0.0005,323
26171,1980-07-04,11087020,34.033344,-118.038123,36.225,185
26577,1980-08-13,11088500,33.887792,-117.92645,0.7922499999999999,225
26904,1980-07-05,11089500,33.895848,-117.886171,0.4124999999999999,186
27439,1980-12-21,11097000,34.253614,-118.38897,1.3245,355
27711,1980-09-18,11098000,34.222226,-118.177573,0.8295121951219513,261
28050,1980-08-22,11101250,34.058344,-118.071735,2.0707500000000008,234
28409,1980-08-15,11102300,34.016679,-118.088402,29.70153846153846,227
28830,1980-10-09,11109600,34.523047,-118.757036,12.34560975609756,282
28918,1980-01-05,11109800,34.460272,-118.752036,10.7305,4
29525,1980-09-02,11111500,34.577766,-119.25789,0.4988571428571429,245
29909,1980-09-20,11113000,34.450828,-118.925932,5.473428571428572,263
30264,1980-09-09,11113500,34.395553,-119.076494,2.9071794871794876,252
30679,1980-10-28,11118500,34.35222,-119.308447,2.95325,301
31041,1980-10-24,11119500,34.401384,-119.487066,0.037,297
31299,1980-07-08,11119750,34.426389,-119.722222,0.0,189
31300,1980-07-09,11119750,34.426389,-119.722222,0.0,190
31301,1980-07-10,11119750,34.426389,-119.722222,0.0,191
31302,1980-07-11,11119750,34.426389,-119.722222,0.0,192
31304,1980-07-13,11119750,34.426389,-119.722222,0.0,194
31305,1980-07-14,11119750,34.426389,-119.722222,0.0,195
31306,1980-07-15,11119750,34.426389,-119.722222,0.0,196
31307,1980-07-16,11119750,34.426389,-119.722222,0.0,197
31308,1980-07-17,11119750,34.426389,-119.722222,0.0,198
31309,1980-07-18,11119750,34.426389,-119.722222,0.0,199
31310,1980-07-19,11119750,34.426389,-119.722222,0.0,200
31311,1980-07-20,11119750,34.426389,-119.722222,0.0,201
31312,1980-07-21,11119750,34.426389,-119.722222,0.0,202
31313,1980-07-22,11119750,34.426389,-119.722222,0.0,203
31314,1980-07-23,11119750,34.426389,-119.722222,0.0,204
31315,1980-07-24,11119750,34.426389,-119.722222,0.0,205
31316,1980-07-25,11119750,34.426389,-119.722222,0.0,206
31333,1980-08-11,11119750,34.426389,-119.722222,0.0,223
31334,1980-08-12,11119750,34.426389,-119.722222,0.0,224
31335,1980-08-13,11119750,34.426389,-119.722222,0.0,225
31337,1980-08-15,11119750,34.426389,-119.722222,0.0,227
31338,1980-08-16,11119750,34.426389,-119.722222,0.0,228
31358,1980-09-05,11119750,34.426389,-119.722222,0.0,248
31359,1980-09-06,11119750,34.426389,-119.722222,0.0,249
31360,1980-09-07,11119750,34.426389,-119.722222,0.0,250
31363,1980-09-10,11119750,34.426389,-119.722222,0.0,253
31365,1980-09-12,11119750,34.426389,-119.722222,0.0,255
31366,1980-09-13,11119750,34.426389,-119.722222,0.0,256
31367,1980-09-14,11119750,34.426389,-119.722222,0.0,257
31370,1980-09-17,11119750,34.426389,-119.722222,0.0,260
31371,1980-09-18,11119750,34.426389,-119.722222,0.0,261
31786,1980-11-06,11119940,34.444997,-119.80375,0.010499999999999999,310
32090,1980-09-05,11120000,34.424719,-119.811805,0.06550000000000002,248
32472,1980-09-21,11120500,34.459163000000004,-119.809028,0.09374999999999999,264
32826,1980-09-09,11123000,34.524439,-119.687358,0.11649999999999998,252
33210,1980-09-27,11123500,34.543603999999995,-119.864863,0.3324390243902439,270
33560,1980-09-11,11124500,34.596656,-119.908752,0.4665,254
33952,1980-10-07,11128250,34.618320000000004,-120.120703,0.2817142857142857,280
34361,1980-11-19,11128500,34.584987,-120.144593,3.8533333333333326,323
34660,1980-09-13,11132500,34.588596,-120.408494,0.66175,256
34979,1980-07-28,11133000,34.637761,-120.426551,2.0243589743589743,209
35418,1980-10-09,11136800,35.021921,-120.22848700000002,0.4695121951219513,282
35811,1980-11-05,11140000,34.893868,-120.306546,0.0025,309
35812,1980-11-06,11140000,34.893868,-120.306546,0.0025,310
36137,1980-09-26,11141050,34.883590000000005,-120.494888,0.09558823529411767,269
36480,1980-09-03,11141280,35.23553,-120.472386,2.4140000000000006,246
36881,1980-10-08,11143000,36.245796,-121.773287,15.454634146341464,281
37232,1980-09-23,11143200,36.474406,-121.72883600000002,5.542926829268293,266
37596,1980-09-21,11143250,36.53912800000001,-121.880508,0.9826829268292683,264
37920,1980-08-10,11147500,35.628581,-120.684337,0.0035000000000000005,222
38326,1980-09-19,11148900,35.788579,-121.093805,0.012439024390243903,262
38784,1980-12-20,11149400,35.76135700000001,-120.855458,61.73749999999999,354
39059,1980-09-20,11149900,35.89663400000001,-121.088249,0.020731707317073172,263
39515,1980-12-19,11150500,35.930243,-120.868791,109.61000000000001,353
39754,1980-08-14,11151300,36.26802100000001,-121.066303,0.5854999999999999,226
40202,1980-11-04,11151700,36.411076,-121.319374,70.53722222222221,308
40508,1980-09-05,11152000,36.280521,-121.322706,5.18525,248
40928,1980-10-29,11152300,36.555517,-121.549663,32.15,302
41289,1980-10-24,11152500,36.631071,-121.672446,11.367499999999998,297
41666,1980-11-04,11152600,36.755792,-121.610501,0.032,308
42031,1980-11-03,11156500,36.609406,-121.20298,6.19775,307
42370,1980-10-07,11158600,36.851899,-121.429937,1.0619512195121952,280
42732,1980-10-03,11159000,36.900231,-121.597721,6.239268292682927,276
43076,1980-09-11,11159200,36.939397,-121.770506,0.10225,254
43464,1980-10-03,11160000,36.991339,-121.955793,2.4541463414634155,276
43830,1980-10-03,11160500,37.044393,-122.072464,15.790975609756096,276
44201,1980-10-08,11162500,37.260777,-122.32886,2.564146341463414,281
44557,1980-09-28,11162630,37.466607,-122.434142,0.9543902439024392,271
44894,1980-08-30,11164500,37.423273,-122.18941,0.3249999999999999,242
45268,1980-09-07,11166000,37.421606,-122.135519,0.1613513513513514,250
45623,1980-08-27,11169500,37.254388,-122.039404,0.59325,239
46009,1980-09-16,11176400,37.561322,-121.683839,0.06902439024390244,259
46245,1980-05-09,11176500,37.623265,-121.758842,3.0170000000000003,129
46756,1980-10-01,11176900,37.626599,-121.883013,12.698108108108107,274
47129,1980-10-08,11179000,37.587157,-121.960793,24.278292682926825,281
47477,1980-09-20,11180500,37.606045,-122.02385,0.00024390243902439024,263
47480,1980-09-23,11180500,37.606045,-122.02385,0.00024390243902439024,266
47831,1980-09-08,11180700,37.585768,-122.048296,2.4905,251
48217,1980-09-28,11180825,37.695208,-122.044962,0.19,271
48578,1980-09-23,11180960,37.717707,-122.054407,0.002682926829268293,266
48584,1980-09-29,11180960,37.717707,-122.054407,0.002682926829268293,272
48931,1980-09-10,11181008,37.679931,-122.080519,0.2859999999999999,253
49316,1980-09-29,11182500,37.772983,-121.994682,0.05292682926829267,272
49752,1980-12-08,11186000,35.945226,-118.47758600000002,77.04615384615386,342
50037,1980-09-18,11189500,35.73745200000001,-118.173689,16.714358974358976,261
50502,1980-12-26,11192500,35.520789,-118.677033,133.35789473684213,360
50755,1980-09-04,11200800,35.941617,-118.82287,2.6012500000000003,247
51175,1980-10-28,11202000,36.174669,-118.695647,6.898461538461538,301
51527,1980-10-14,11208000,36.52189,-118.799265,3.1421052631578945,287
51650,1980-02-14,11214600,37.076333,-118.968723,10.52894736842105,44
52200,1980-08-16,11216200,36.902724,-119.050946,6.929705882352941,228
52689,1980-12-17,11216500,36.90328,-119.121505,16.725641025641025,351
52987,1980-10-10,11218400,36.879669,-119.128727,47.256410256410255,283
53332,1980-09-19,11224500,36.214677,-120.470712,0.06878048780487805,262
53784,1980-12-14,11230215,37.309664,-118.962061,17.86842105263158,348
53787,1980-12-17,11230215,37.309664,-118.962061,17.86842105263158,351
54098,1980-10-23,11230500,37.339386,-118.973451,15.85128205128205,296
54320,1980-06-01,11231500,37.361331,-118.992063,65.1025641025641,152
54593,1980-02-29,11231600,37.359942,-118.998452,7.655555555555555,59
55225,1980-11-21,11234760,37.316611,-119.329573,14.805128205128204,325
55525,1980-09-16,11237500,37.198557,-119.213733,0.66225,259
55872,1980-08-28,11238600,37.207724,-119.330127,3.4515151515151508,240
56318,1980-11-16,11242000,37.144392,-119.454577,25.215384615384615,320
56712,1980-12-14,11244000,37.288834,-119.530139,2.8687179487179484,348
56978,1980-09-05,11246500,37.150781,-119.460411,3.4987179487179483,248
57451,1980-12-21,11251000,36.984394,-119.724312,171.11499999999998,355
57726,1980-09-21,11253310,36.402174,-120.433492,0.04975609756097561,264
58104,1980-10-03,11264500,37.731593,-119.558774,30.397317073170736,276
58460,1980-09-23,11266500,37.71687100000001,-119.666279,48.36341463414634,266
58874,1980-11-10,11269700,37.58354600000001,-120.275744,157.94444444444446,314
59246,1980-11-16,11270900,37.521603000000006,-120.332411,301.2307692307692,320
59519,1980-08-15,11274000,37.350493,-120.97715,546.3675000000001,227
59865,1980-07-26,11274500,37.315492,-121.125208,0.0,207
59866,1980-07-27,11274500,37.315492,-121.125208,0.0,208
59867,1980-07-28,11274500,37.315492,-121.125208,0.0,209
59868,1980-07-29,11274500,37.315492,-121.125208,0.0,210
59869,1980-07-30,11274500,37.315492,-121.125208,0.0,211
59870,1980-07-31,11274500,37.315492,-121.125208,0.0,212
59871,1980-08-01,11274500,37.315492,-121.125208,0.0,213
59872,1980-08-02,11274500,37.315492,-121.125208,0.0,214
59873,1980-08-03,11274500,37.315492,-121.125208,0.0,215
59874,1980-08-04,11274500,37.315492,-121.125208,0.0,216
59875,1980-08-05,11274500,37.315492,-121.125208,0.0,217
59876,1980-08-06,11274500,37.315492,-121.125208,0.0,218
59877,1980-08-07,11274500,37.315492,-121.125208,0.0,219
59878,1980-08-08,11274500,37.315492,-121.125208,0.0,220
59879,1980-08-09,11274500,37.315492,-121.125208,0.0,221
59880,1980-08-10,11274500,37.315492,-121.125208,0.0,222
59881,1980-08-11,11274500,37.315492,-121.125208,0.0,223
59882,1980-08-12,11274500,37.315492,-121.125208,0.0,224
59883,1980-08-13,11274500,37.315492,-121.125208,0.0,225
59884,1980-08-14,11274500,37.315492,-121.125208,0.0,226
59885,1980-08-15,11274500,37.315492,-121.125208,0.0,227
59886,1980-08-16,11274500,37.315492,-121.125208,0.0,228
59887,1980-08-17,11274500,37.315492,-121.125208,0.0,229
59888,1980-08-18,11274500,37.315492,-121.125208,0.0,230
59889,1980-08-19,11274500,37.315492,-121.125208,0.0,231
59890,1980-08-20,11274500,37.315492,-121.125208,0.0,232
59891,1980-08-21,11274500,37.315492,-121.125208,0.0,233
59892,1980-08-22,11274500,37.315492,-121.125208,0.0,234
59893,1980-08-23,11274500,37.315492,-121.125208,0.0,235
59894,1980-08-24,11274500,37.315492,-121.125208,0.0,236
59895,1980-08-25,11274500,37.315492,-121.125208,0.0,237
59896,1980-08-26,11274500,37.315492,-121.125208,0.0,238
59897,1980-08-27,11274500,37.315492,-121.125208,0.0,239
59898,1980-08-28,11274500,37.315492,-121.125208,0.0,240
59899,1980-08-29,11274500,37.315492,-121.125208,0.0,241
59900,1980-08-30,11274500,37.315492,-121.125208,0.0,242
59901,1980-08-31,11274500,37.315492,-121.125208,0.0,243
59902,1980-09-01,11274500,37.315492,-121.125208,0.0,244
59903,1980-09-02,11274500,37.315492,-121.125208,0.0,245
59904,1980-09-03,11274500,37.315492,-121.125208,0.0,246
59905,1980-09-04,11274500,37.315492,-121.125208,0.0,247
59906,1980-09-05,11274500,37.315492,-121.125208,0.0,248
59907,1980-09-06,11274500,37.315492,-121.125208,0.0,249
59908,1980-09-07,11274500,37.315492,-121.125208,0.0,250
59909,1980-09-08,11274500,37.315492,-121.125208,0.0,251
59910,1980-09-09,11274500,37.315492,-121.125208,0.0,252
59911,1980-09-10,11274500,37.315492,-121.125208,0.0,253
59912,1980-09-11,11274500,37.315492,-121.125208,0.0,254
59913,1980-09-12,11274500,37.315492,-121.125208,0.0,255
59914,1980-09-13,11274500,37.315492,-121.125208,0.0,256
59915,1980-09-14,11274500,37.315492,-121.125208,0.0,257
59916,1980-09-15,11274500,37.315492,-121.125208,0.0,258
59917,1980-09-16,11274500,37.315492,-121.125208,0.0,259
59918,1980-09-17,11274500,37.315492,-121.125208,0.0,260
59919,1980-09-18,11274500,37.315492,-121.125208,0.0,261
59920,1980-09-19,11274500,37.315492,-121.125208,0.0,262
59921,1980-09-20,11274500,37.315492,-121.125208,0.0,263
59922,1980-09-21,11274500,37.315492,-121.125208,0.0,264
59923,1980-09-22,11274500,37.315492,-121.125208,0.0,265
59924,1980-09-23,11274500,37.315492,-121.125208,0.0,266
59925,1980-09-24,11274500,37.315492,-121.125208,0.0,267
59926,1980-09-25,11274500,37.315492,-121.125208,0.0,268
59927,1980-09-26,11274500,37.315492,-121.125208,0.0,269
59928,1980-09-27,11274500,37.315492,-121.125208,0.0,270
59929,1980-09-28,11274500,37.315492,-121.125208,0.0,271
59930,1980-09-29,11274500,37.315492,-121.125208,0.0,272
59931,1980-09-30,11274500,37.315492,-121.125208,0.0,273
59932,1980-10-01,11274500,37.315492,-121.125208,0.0,274
59933,1980-10-02,11274500,37.315492,-121.125208,0.0,275
59934,1980-10-03,11274500,37.315492,-121.125208,0.0,276
59935,1980-10-04,11274500,37.315492,-121.125208,0.0,277
59936,1980-10-05,11274500,37.315492,-121.125208,0.0,278
59937,1980-10-06,11274500,37.315492,-121.125208,0.0,279
59938,1980-10-07,11274500,37.315492,-121.125208,0.0,280
59939,1980-10-08,11274500,37.315492,-121.125208,0.0,281
59940,1980-10-09,11274500,37.315492,-121.125208,0.0,282
59941,1980-10-10,11274500,37.315492,-121.125208,0.0,283
59942,1980-10-11,11274500,37.315492,-121.125208,0.0,284
59943,1980-10-12,11274500,37.315492,-121.125208,0.0,285
59944,1980-10-13,11274500,37.315492,-121.125208,0.0,286
59948,1980-10-17,11274500,37.315492,-121.125208,0.0,290
59949,1980-10-18,11274500,37.315492,-121.125208,0.0,291
59950,1980-10-19,11274500,37.315492,-121.125208,0.0,292
59951,1980-10-20,11274500,37.315492,-121.125208,0.0,293
59952,1980-10-21,11274500,37.315492,-121.125208,0.0,294
59953,1980-10-22,11274500,37.315492,-121.125208,0.0,295
59954,1980-10-23,11274500,37.315492,-121.125208,0.0,296
59955,1980-10-24,11274500,37.315492,-121.125208,0.0,297
59956,1980-10-25,11274500,37.315492,-121.125208,0.0,298
59957,1980-10-26,11274500,37.315492,-121.125208,0.0,299
59958,1980-10-27,11274500,37.315492,-121.125208,0.0,300
59959,1980-10-28,11274500,37.315492,-121.125208,0.0,301
59960,1980-10-29,11274500,37.315492,-121.125208,0.0,302
59961,1980-10-30,11274500,37.315492,-121.125208,0.0,303
59962,1980-10-31,11274500,37.315492,-121.125208,0.0,304
59963,1980-11-01,11274500,37.315492,-121.125208,0.0,305
59964,1980-11-02,11274500,37.315492,-121.125208,0.0,306
59965,1980-11-03,11274500,37.315492,-121.125208,0.0,307
59966,1980-11-04,11274500,37.315492,-121.125208,0.0,308
59967,1980-11-05,11274500,37.315492,-121.125208,0.0,309
59968,1980-11-06,11274500,37.315492,-121.125208,0.0,310
59969,1980-11-07,11274500,37.315492,-121.125208,0.0,311
59970,1980-11-08,11274500,37.315492,-121.125208,0.0,312
59971,1980-11-09,11274500,37.315492,-121.125208,0.0,313
59972,1980-11-10,11274500,37.315492,-121.125208,0.0,314
60285,1980-09-18,11274630,37.486599,-121.209103,0.04536585365853659,261
60728,1980-12-04,11276500,37.937421,-119.798233,47.7025,338
61048,1980-10-19,11276600,37.879368,-119.947126,54.52307692307693,292
61407,1980-10-12,11276900,37.881591,-119.970182,65.7731707317073,285
61784,1980-10-23,11277300,37.967699,-119.917403,6.026999999999998,296
62141,1980-10-14,11278000,37.969088,-119.882124,9.229756097560973,287
62508,1980-10-15,11278300,37.894368,-119.962682,18.05641025641026,288
62901,1980-11-11,11278400,37.890202,-119.969905,246.57999999999998,315
63215,1980-09-20,11284400,37.84187100000001,-120.18491000000002,0.006341463414634147,263
63216,1980-09-21,11284400,37.84187100000001,-120.18491000000002,0.006341463414634147,264
63633,1980-11-11,11289650,37.666321,-120.44213899999998,271.0,315
64003,1980-11-15,11290000,37.626875,-120.98798899999998,455.95,319
64109,1980-02-29,11292000,38.297412,-119.741287,36.0,59
64682,1980-09-23,11292700,38.24686,-120.031852,37.32051282051282,266
65086,1980-10-31,11292900,38.193251,-120.099076,144.66666666666666,304
65207,1980-02-29,11294000,38.392968,-119.999074,99.9,59
65823,1980-11-05,11294500,38.245751,-120.289917,158.89743589743588,309
66116,1980-08-24,11296500,38.197417,-120.008518,22.58205128205128,236
66507,1980-09-18,11298000,38.092421,-120.168244,3.4450000000000003,261
66830,1980-08-06,11299600,37.961036,-120.615203,0.0,218
66831,1980-08-07,11299600,37.961036,-120.615203,0.0,219
66832,1980-08-08,11299600,37.961036,-120.615203,0.0,220
66833,1980-08-09,11299600,37.961036,-120.615203,0.0,221
66834,1980-08-10,11299600,37.961036,-120.615203,0.0,222
66835,1980-08-11,11299600,37.961036,-120.615203,0.0,223
66836,1980-08-12,11299600,37.961036,-120.615203,0.0,224
66837,1980-08-13,11299600,37.961036,-120.615203,0.0,225
66838,1980-08-14,11299600,37.961036,-120.615203,0.0,226
66839,1980-08-15,11299600,37.961036,-120.615203,0.0,227
66840,1980-08-16,11299600,37.961036,-120.615203,0.0,228
66841,1980-08-17,11299600,37.961036,-120.615203,0.0,229
66842,1980-08-18,11299600,37.961036,-120.615203,0.0,230
66843,1980-08-19,11299600,37.961036,-120.615203,0.0,231
66844,1980-08-20,11299600,37.961036,-120.615203,0.0,232
66845,1980-08-21,11299600,37.961036,-120.615203,0.0,233
66846,1980-08-22,11299600,37.961036,-120.615203,0.0,234
66847,1980-08-23,11299600,37.961036,-120.615203,0.0,235
66871,1980-09-16,11299600,37.961036,-120.615203,0.0,259
66872,1980-09-17,11299600,37.961036,-120.615203,0.0,260
66873,1980-09-18,11299600,37.961036,-120.615203,0.0,261
66874,1980-09-19,11299600,37.961036,-120.615203,0.0,262
66875,1980-09-20,11299600,37.961036,-120.615203,0.0,263
66876,1980-09-21,11299600,37.961036,-120.615203,0.0,264
67294,1980-11-12,11302000,37.851594,-120.637982,331.56410256410254,316
67664,1980-11-16,11303000,37.729651,-121.110493,414.725,320
67985,1980-10-02,11314500,38.493523,-120.221027,42.47692307692307,275
68342,1980-09-23,11315000,38.519078,-120.212693,0.258,266
68698,1980-09-13,11316800,38.403246,-120.446868,2.420000000000001,256
69062,1980-09-11,11317000,38.389634,-120.526593,8.094871794871795,254
69431,1980-09-14,11318500,38.368246,-120.545482,6.241025641025642,257
69815,1980-10-02,11319500,38.312693,-120.720211,447.97435897435895,275
70227,1980-11-17,11323500,38.220473,-121.039665,389.4871794871795,321
70522,1980-09-07,11325500,38.158529,-121.303559,145.9189189189189,250
70896,1980-09-15,11335000,38.500186,-121.045221,17.882750000000005,258
71260,1980-09-13,11342000,40.939594,-122.417235,223.2,256
71726,1980-12-22,11345500,41.230729,-120.437173,15.630249999999998,356
71941,1980-07-24,11348500,41.406001,-120.927746,25.745749999999997,205
72346,1980-09-01,11355010,40.983218,-121.511927,1159.825,244
72750,1980-10-09,11362500,40.973492,-121.779435,207.05128205128204,282
73146,1980-11-08,11363000,41.019324,-121.911107,201.97435897435898,312
73561,1980-12-27,11363930,41.039324,-121.985276,3.99921052631579,361
73844,1980-10-05,11365000,40.843211,-122.017221,2645.230769230769,278
74226,1980-10-21,11367500,41.188213,-122.065557,752.0769230769231,294
74391,1980-04-03,11367760,41.12516,-122.06861,102.28571428571429,93
74872,1980-07-27,11367800,41.110712,-122.096113,211.12820512820514,208
75270,1980-08-28,11368000,40.958208,-122.219728,286.8157894736842,240
75707,1980-11-07,11370500,40.600984,-122.444455,5525.25,311
76001,1980-08-27,11372000,40.513206,-122.52418,84.53,239
76377,1980-09-06,11374000,40.505152,-122.233335,32.699,249
76733,1980-08-27,11376000,40.387098,-122.23861200000002,63.964999999999996,239
77110,1980-09-07,11376025,40.53738,-121.732488,6.514545454545454,250
77476,1980-09-07,11376550,40.39821,-122.146387,241.275,250
77903,1980-11-07,11377100,40.288488,-122.186664,6410.5,311
78208,1980-09-07,11379500,40.024598,-122.509724,1.9720000000000006,250
78600,1980-10-03,11381500,40.054602,-122.024154,105.36585365853661,276
78940,1980-09-07,11383500,40.014047,-121.948318,94.81000000000002,250
79349,1980-10-20,11389500,39.214057,-122.000251,5299.0,293
79694,1980-09-29,11390000,39.72599500000001,-121.708864,99.33170731707318,272
80084,1980-10-23,11390500,39.009895,-121.82469,5232.75,296
80242,1980-03-29,11395030,39.723781,-121.022178,43.80512820512821,88
80835,1980-11-11,11395200,39.64739,-121.118847,6.073589743589743,315
81209,1980-11-19,11396000,39.573501,-121.141625,4.737692307692308,323
81566,1980-11-10,11396200,39.551277,-121.209405,7.3487179487179475,314
81677,1980-02-29,11399500,40.168221,-121.093016,37.4,59
82249,1980-09-22,11400500,40.187108,-121.188019,44.845,265
82654,1980-10-31,11401112,40.071276,-121.164684,65.24871794871794,304
82947,1980-08-19,11402000,40.002947,-120.954399,24.042750000000005,231
83397,1980-11-11,11403200,39.980163,-121.27691000000002,176.72727272727272,315
83742,1980-10-21,11403800,39.905441,-121.345244,1162.1842105263158,294
83873,1980-02-29,11404300,39.891275,-121.294131,4.3225,59
84472,1980-10-19,11404330,39.852385,-121.392467,176.4848484848485,292
84831,1980-10-12,11404500,39.794329,-121.451635,93.38461538461539,285
85174,1980-09-19,11406999,39.520164,-121.547748,529.5135135135135,262
85540,1980-09-19,11407000,39.521553,-121.547748,627.725,262
85895,1980-09-08,11408880,39.41156,-120.998007,29.989743589743583,251
86269,1980-09-16,11409400,39.439336,-121.059121,4.327250000000001,259
86642,1980-09-23,11413000,39.524894,-120.938007,143.40975609756094,266
87015,1980-09-30,11413300,39.614336,-121.052178,9.285,273
87461,1980-12-19,11414100,39.37990300000001,-120.499374,29.96410256410256,353
87701,1980-08-15,11414250,39.318512,-120.65771200000002,7.292564102564102,227
88076,1980-08-24,11416500,39.439622,-120.661882,4.517179487179486,236
88457,1980-09-08,11417500,39.292115,-121.104675,42.83589743589744,251
88839,1980-09-24,11418000,39.235171,-121.274126,978.3846153846154,267
89166,1980-08-16,11418500,39.224338,-121.26857,3.6370000000000005,228
89604,1980-10-27,11421000,39.175725,-121.524965,742.85,300
89988,1980-11-14,11421770,39.254344,-120.774937,6.353846153846154,318
90354,1980-11-14,11421790,39.213509,-120.845217,6.533333333333333,318
90702,1980-10-27,11422500,39.131841,-120.959388,93.74358974358974,300
91040,1980-09-29,11424000,39.000173,-121.406902,14.278048780487804,272
91389,1980-09-12,11427000,38.93600900000001,-121.023833,49.365,255
91740,1980-08-28,11427500,39.109627,-120.481313,9.092307692307692,240
92121,1980-09-12,11427700,39.135738,-120.478535,0.8948717948717948,255
92487,1980-09-12,11427750,39.13296,-120.48381299999998,0.9023076923076925,255
92848,1980-09-07,11427760,39.025181,-120.595481,17.353846153846153,250
93256,1980-10-19,11427770,39.026292,-120.60353700000002,19.243333333333332,292
93681,1980-12-17,11428800,39.056572,-120.407976,13.212820512820512,351
93926,1980-08-18,11429500,39.005462,-120.315471,9.615384615384615,230
94376,1980-11-10,11430000,38.954628,-120.401586,7.015789473684211,314
94708,1980-10-07,11433300,39.006289,-120.762152,241.35897435897436,280
95085,1980-10-18,11435100,38.815741,-120.117131,8.517948717948716,291
95381,1980-08-09,11436000,38.671298,-120.12268799999998,5.4456410256410255,221
95774,1980-09-05,11439500,38.763518,-120.328528,45.8051282051282,248
96249,1980-12-23,11441500,38.818795,-120.365196,8.602564102564102,357
96577,1980-11-15,11441900,38.823793,-120.539369,11.274358974358973,319
96683,1980-02-29,11443500,38.772958,-120.701598,33.1,59
97305,1980-11-11,11444500,38.771013,-120.816324,488.20512820512823,315
97669,1980-11-09,11446500,38.63546,-121.227726,1784.05,313
97971,1980-09-06,11449500,38.9274,-122.843605,2.5490000000000004,249
98411,1980-11-19,11451000,38.924065,-122.565815,4.32325,323
98704,1980-09-07,11451100,39.165446,-122.619986,1.1149999999999998,250
99124,1980-10-31,11452500,38.725182,-121.807187,11.2075,304
99530,1980-12-10,11454000,38.515185,-122.081916,85.5275,344
99817,1980-09-22,11456000,38.511297,-122.455813,0.38138888888888894,265
100185,1980-09-24,11458000,38.368246,-122.303309,1.2412195121951217,267
100564,1980-10-07,11459500,38.107698,-122.579981,0.18804878048780485,280
100930,1980-10-07,11460400,38.026867,-122.736377,7.179189189189189,280
101265,1980-09-06,11460600,38.0802,-122.78443500000002,6.868500000000002,249
101625,1980-08-31,11460750,38.175753,-122.818325,4.89861111111111,243
101997,1980-09-06,11461000,39.195447,-123.195005,0.4422499999999999,249
102355,1980-08-29,11461500,39.246556,-123.130281,89.70500000000001,241
102753,1980-09-30,11462500,39.026563,-123.130559,177.05853658536586,273
103120,1980-10-01,11463000,38.879348,-123.05361200000002,175.40243902439025,274
103461,1980-09-06,11463170,38.797683,-122.802493,0.9648717948717945,249
103834,1980-09-13,11464000,38.613243,-122.836382,155.965,256
104226,1980-10-09,11465200,38.698521,-122.958054,80.71926829268293,282
104568,1980-09-15,11467000,38.508523,-122.927774,150.885,258
104933,1980-09-14,11468000,39.172123,-123.669458,5.718000000000001,257
105314,1980-09-29,11468500,39.428224,-123.737792,5.116585365853659,272
105665,1980-09-14,11469000,40.313191,-124.283659,30.985000000000003,257
106017,1980-08-31,11470500,39.407939,-122.97139,131.7948717948718,243
106345,1980-07-24,11471500,39.388496,-123.116116,13.266666666666666,205
106758,1980-09-09,11473900,39.706267,-123.325291,12.3205,252
107129,1980-09-14,11475000,40.2182,-123.63253,35.29975,257
107504,1980-09-23,11475560,39.7296,-123.643907,0.8268292682926829,266
107861,1980-09-14,11475800,39.874596,-123.720578,19.095757575757574,257
108220,1980-09-07,11476500,40.18181,-123.776143,36.464999999999996,250
108592,1980-09-13,11476600,40.35125,-124.003931,1.257179487179487,256
108955,1980-09-10,11477000,40.491524,-124.09977,98.57249999999998,253
109324,1980-09-13,11478500,40.480416,-123.890876,9.223000000000003,256
109701,1980-09-24,11480390,40.284313,-123.335303,0.17717948717948717,267
109982,1980-07-01,11480410,40.370978,-123.436141,48.65526315789473,182
110415,1980-09-06,11481000,40.909572,-124.060896,40.28999999999999,249
110788,1980-09-13,11481200,41.010959,-124.081733,5.491750000000001,256
111154,1980-09-13,11481500,40.905965,-123.815335,4.375555555555556,256
111520,1980-09-13,11482500,41.29929,-124.051182,18.28425,256
111833,1980-07-22,11516530,41.927919,-122.44418799999998,838.025,203
112216,1980-08-08,11517500,41.822918,-122.595581,32.2375,220
112603,1980-08-29,11519500,41.64069,-123.015037,26.840250000000005,241
112940,1980-07-31,11520500,41.853738,-123.232273,1113.475,212
113349,1980-09-12,11521500,41.835123,-123.383111,43.50499999999999,255
113716,1980-09-13,11522500,41.377627,-123.477558,182.2,256
114063,1980-08-25,11523000,41.30346,-123.534504,1730.9,237
114447,1980-09-12,11523200,41.111257,-122.705579,37.372499999999995,255
114865,1980-11-03,11525500,40.719312,-122.803634,307.475,307
